{
  "lastPostTime": 1750355795348,
  "lastDiscoveryTime": 1750355723352,
  "tokens": [
    {
      "address": "7EvdK8K1uuPY5ZwL8aURPv4RfQLYmwucpC8KAhprpump",
      "name": "Catstanbul ",
      "symbol": "Catstanbul",
      "liquidity": "7119.219618927296",
      "price": "0.0000055966169510639985",
      "classification": "yellow",
      "riskScore": 50,
      "ageInHours": 1,
      "marketCap": "5581.092233791486",
      "volume24h": "872.2493630442083",
      "queuedAt": 1750352124983,
      "posted": true
    },
    {
      "address": "5YYwZ3AzjKbVf8cew3YTz6hnqU4FDTGtq269uXBYpump",
      "name": "BAYLEY",
      "symbol": "BAYLEY",
      "liquidity": "10494.589677256074",
      "price": "0.000008533292154351675",
      "classification": "yellow",
      "riskScore": 50,
      "ageInHours": 8,
      "marketCap": "5931.307642064007",
      "volume24h": "1084.054530407723",
      "queuedAt": 1750352124983,
      "posted": true
    },
    {
      "address": "HhTpTa7VYGpqcNRCfU7w2eJMKkwmDbgLjGfKAH2Epump",
      "name": "New Europe Mascot",
      "symbol": "EUROPA",
      "liquidity": "14131.604981688313",
      "price": "0.000010731938192012605",
      "classification": "yellow",
      "riskScore": 50,
      "ageInHours": 23,
      "marketCap": "10703.578280298834",
      "volume24h": "20.21182968331342",
      "queuedAt": 1750352124983,
      "posted": true
    },
    {
      "address": "7Th1pF1fkpCqB8pKNQnHggMmTSm8JxTU6v9qMWHmpump",
      "name": "Neiro Inu",
      "symbol": "NINU",
      "liquidity": "10732.74931820203",
      "price": "0.000006379684232332763",
      "classification": "yellow",
      "riskScore": 50,
      "ageInHours": 13,
      "marketCap": "5741.668803624545",
      "volume24h": "53.7699758850769",
      "queuedAt": 1750352124983,
      "posted": true
    },
    {
      "address": "32ghfLdC8hQe5EMg4bgagwp7SUYq1paKJuG3Yj2HAYwe",
      "name": "Wall Street Pepe ",
      "symbol": "WSP",
      "liquidity": "10195.232709005304",
      "price": "0.000009147199326651114",
      "classification": "yellow",
      "riskScore": 50,
      "ageInHours": 1,
      "marketCap": "7722.517248980626",
      "volume24h": "2287.064477599743",
      "queuedAt": 1750352124983,
      "posted": true
    },
    {
      "address": "C5gnRtcm1a2aCBbtfAPqnDjpQ2YdD9PcfBk8VM2iguXS",
      "name": "POPDOG",
      "symbol": "POPDOG",
      "liquidity": "32712.796057833548",
      "price": "0.000025329441354989764",
      "classification": "yellow",
      "riskScore": 50,
      "ageInHours": 4,
      "marketCap": "25305.68995337108",
      "volume24h": "302.73808381667675",
      "queuedAt": 1750352124983,
      "posted": true
    },
    {
      "address": "3eK9Hp78fLYrhvhAMsakPYZ38sm8NfQj5znQoGWHHzQC",
      "name": "CATSTER",
      "symbol": "CATSTR",
      "liquidity": "11677.431737844934",
      "price": "0.00000904379514461257",
      "classification": "yellow",
      "riskScore": 50,
      "ageInHours": 17,
      "marketCap": "8950.698616201762",
      "volume24h": "133.0256649142592",
      "queuedAt": 1750352124983,
      "posted": true
    },
    {
      "address": "FGXXH2NhwiZWjGCCrMBkZEZY8yxjkBT8drf351aDpump",
      "name": "bosh",
      "symbol": "bosh",
      "liquidity": "5265.356238813511",
      "price": "0.000005368580820219965",
      "classification": "yellow",
      "riskScore": 50,
      "ageInHours": 3,
      "marketCap": "5368.580820219965",
      "volume24h": "1855.2919240159163",
      "queuedAt": 1750352124983,
      "posted": true
    },
    {
      "address": "6rbgjwQiaLEjZExEohjniBnEJmv6dwwrGAVDZ6AHDhSu",
      "name": "Solana Nvidia",
      "symbol": "SVIDIA",
      "liquidity": "14342.620174806136",
      "price": "0.000008540355064377764",
      "classification": "yellow",
      "riskScore": 50,
      "ageInHours": 1,
      "marketCap": "8516.596849981057",
      "volume24h": "1.3905561621252398",
      "queuedAt": 1750352124983,
      "posted": true
    },
    {
      "address": "H9bybD44BXAxHDw4taRaah6SgZpqGjMAoAX2wc7hpump",
      "name": "Kill The Bill",
      "symbol": "KillBill",
      "liquidity": "5261.6802123027355",
      "price": "0.0000026859993584404366",
      "classification": "yellow",
      "riskScore": 50,
      "ageInHours": 2,
      "marketCap": "2685.0785793545365",
      "volume24h": "1501.0097152196158",
      "queuedAt": 1750352124983,
      "posted": true
    },
    {
      "address": "4QYjHBsroy527kDHhozeM6yRciVrqrTyHZ96o2Qgpump",
      "name": "chui",
      "symbol": "chui",
      "liquidity": "5033.884575398732",
      "price": "0.0000026341123935724196",
      "classification": "yellow",
      "riskScore": 50,
      "ageInHours": 12,
      "marketCap": "2629.7498145763193",
      "volume24h": "1.3835981782331814",
      "queuedAt": 1750352753066,
      "posted": true
    },
    {
      "address": "3sk6T5gzpvPcvGDqXC4erFvrB9yeJrRJniXLaH6Cpump",
      "name": "Himitsu",
      "symbol": "HIM",
      "liquidity": "19053.931106147837",
      "price": "0.000016230097489805144",
      "classification": "yellow",
      "riskScore": 50,
      "ageInHours": 18,
      "marketCap": "15680.793386620107",
      "volume24h": "666.8883923124313",
      "queuedAt": 1750355726606,
      "posted": true
    },
    {
      "address": "Ct6MWdoNAtYf68mCAmVPRYHgpsNbfbytqs3oZGr6pump",
      "name": "World War 3",
      "symbol": "WW3",
      "liquidity": "56477.755787432456",
      "price": "0.000028112380902524275",
      "classification": "yellow",
      "riskScore": 50,
      "ageInHours": 0,
      "marketCap": "2811.2380902524274",
      "volume24h": "54380.49623259902",
      "queuedAt": 1750355726606,
      "posted": true
    },
    {
      "address": "4Y2L3PUFXn3JdobnqeC8GRndbr7wJGFnNipXmNeRdaos",
      "name": "Loot World",
      "symbol": "loot",
      "liquidity": "49645.6330222276",
      "price": "0.0000038310370784798605",
      "classification": "yellow",
      "riskScore": 50,
      "ageInHours": 1,
      "marketCap": "38308.60496423646",
      "volume24h": "560.3009931022557",
      "queuedAt": 1750355726606,
      "posted": false
    }
  ]
}