{
  "lastPost": 1751091288532,
  "lastDiscovery": 1751180377710,
  "lastPerformanceCheck": 1751179534866,
  "lastWhaleCheck": 1751180134877,
  "queue": [
    {
      "address": "So11111111111111111111111111111111111111112",
      "name": "Wrapped SOL",
      "symbol": "SOL",
      "liquidity": "23207.027378323128",
      "price": "0.0007345776547113947",
      "ageInHours": 0,
      "marketCap": "647985.6973168248",
      "volume24h": "1296.7050651534691",
      "posted": true,
      "initialPrice": 0.0007345776547113947,
      "postedAt": 1751090745203
    },
    {
      "address": "EKpQGSJtjMFqKZ9KQanSqYXRcF8fBopzLHYxdM65zcjm",
      "name": "dogwifhat",
      "symbol": "$WIF",
      "liquidity": "27329.78766775333",
      "price": "0.0045318378009465456",
      "ageInHours": 0,
      "marketCap": "863389.9617032417",
      "volume24h": "6091.366446312438",
      "posted": true,
      "initialPrice": 0.0045318378009465456,
      "postedAt": 1751090778893
    },
    {
      "address": "7GCihgDB8fe6KNjn2MYtkzZcRjQy3t9GHdC8uHYmW2hr",
      "name": "Popcat",
      "symbol": "POPCAT",
      "liquidity": "17925.559828883357",
      "price": "0.006715595009253135",
      "ageInHours": 0,
      "marketCap": "209620.3488028925",
      "volume24h": "3759.669297910832",
      "posted": true,
      "initialPrice": 0.006715595009253135,
      "postedAt": 1751090808687
    },
    {
      "address": "J1toso1uCk3RLmjorhTtrVwY9HJ7X8V9yYac6Y7kGCPn",
      "name": "Jito Staked SOL",
      "symbol": "JitoSOL",
      "liquidity": "41197.85814641492",
      "price": "0.00967405571369917",
      "ageInHours": 0,
      "marketCap": "603898.6348833124",
      "volume24h": "4212.729442155478",
      "posted": true,
      "initialPrice": 0.00967405571369917,
      "postedAt": 1751090838694
    },
    {
      "address": "JUPyiwrYJFskUPiHa7hkeR8VUtAeFoSYbKedZNsDvCN",
      "name": "Jupiter",
      "symbol": "JUP",
      "liquidity": "53147.9119864212",
      "price": "0.0015948349300820986",
      "ageInHours": 0,
      "marketCap": "514553.2432806039",
      "volume24h": "9755.435788249422",
      "posted": true,
      "initialPrice": 0.0015948349300820986,
      "postedAt": 1751090871997
    },
    {
      "address": "5LafQUrVco6o7KMz42eqVEJ9LW31StPyGjeeu5sKoMtA",
      "name": "Mumu the Bull",
      "symbol": "MUMU",
      "liquidity": "49089.53879330113",
      "price": "0.0005057893000872315",
      "ageInHours": 0,
      "marketCap": "601364.6790075804",
      "volume24h": "4464.680428320069",
      "posted": true,
      "initialPrice": 0.0005057893000872315,
      "postedAt": 1751090902262
    },
    {
      "address": "jupSoLaHXQiZZTSfEWMTRRgpnyFm8f6sZdosWBjx93v",
      "name": "Jupiter Staked SOL",
      "symbol": "JupSOL",
      "liquidity": "34779.62145573897",
      "price": "0.005773267069844459",
      "ageInHours": 0,
      "marketCap": "341933.5427559997",
      "volume24h": "3843.898740873128",
      "posted": true,
      "initialPrice": 0.005773267069844459,
      "postedAt": 1751090932325
    },
    {
      "address": "GiG7Hr61RVm4CSUxJmgiCoySFQtdiwxtqf64MsRppump",
      "name": "Smoking Chicken Fish",
      "symbol": "SCF",
      "liquidity": "31595.58377420913",
      "price": "0.007289033416469124",
      "ageInHours": 0,
      "marketCap": "583111.8470527711",
      "volume24h": "9583.763065960982",
      "posted": true,
      "initialPrice": 0.007289033416469124,
      "postedAt": 1751090968681
    },
    {
      "address": "GYKmdfcUmZVrqfcH1g579BGjuzSRijj3LBuwv79rpump",
      "name": "wrapped dog",
      "symbol": "wDOG",
      "liquidity": "25134.952962457897",
      "price": "0.0057990255304596625",
      "ageInHours": 0,
      "marketCap": "386278.58817090344",
      "volume24h": "9548.59671142144",
      "posted": true,
      "initialPrice": 0.0057990255304596625,
      "postedAt": 1751090998751
    },
    {
      "address": "mSoLzYCxHdYgdzU16g5QSh3i5K3z3KZK7ytfqcJm7So",
      "name": "Marinade staked SOL (mSOL)",
      "symbol": "mSOL",
      "liquidity": "35676.92730641017",
      "price": "0.0007355365915058921",
      "ageInHours": 0,
      "marketCap": "971221.2748441636",
      "volume24h": "7818.456618172582",
      "posted": true,
      "initialPrice": 0.0007355365915058921,
      "postedAt": 1751091028707
    },
    {
      "address": "5mbK36SZ7J19An8jFochhQS4of8g6BwUjbeCSxBSoWdp",
      "name": "michi",
      "symbol": "$michi",
      "liquidity": "54475.57859342298",
      "price": "0.005339860686689339",
      "ageInHours": 0,
      "marketCap": "154464.76897945025",
      "volume24h": "8681.808578027722",
      "posted": true,
      "initialPrice": 0.005339860686689339,
      "postedAt": 1751091058704
    },
    {
      "address": "3B5wuUrMEi5yATD7on46hKfej3pfmd7t1RKgrsN3pump",
      "name": "BILLY",
      "symbol": "BILLY",
      "liquidity": "37441.474953351004",
      "price": "0.0015758626127050568",
      "ageInHours": 0,
      "marketCap": "42198.730129097574",
      "volume24h": "1491.529491943335",
      "posted": true,
      "initialPrice": 0.0015758626127050568,
      "postedAt": 1751091088683
    },
    {
      "address": "27G8MtK7VtTcCHkpASjSDdkWWYfoqT6ggEuKidVJidD4",
      "name": "Jupiter Perps",
      "symbol": "JLP",
      "liquidity": "13426.058479906862",
      "price": "0.007308209198857689",
      "ageInHours": 0,
      "marketCap": "98928.04707390134",
      "volume24h": "6805.672250026948",
      "posted": true,
      "initialPrice": 0.007308209198857689,
      "postedAt": 1751091128768
    },
    {
      "address": "A8C3xuqscfmyLrte3VmTqrAq8kgMASius9AFNANwpump",
      "name": "FWOG",
      "symbol": "FWOG",
      "liquidity": "29551.23228992828",
      "price": "0.0032167595468010467",
      "ageInHours": 0,
      "marketCap": "278922.4980760887",
      "volume24h": "3667.5473209109796",
      "posted": true,
      "initialPrice": 0.0032167595468010467,
      "postedAt": 1751091158700
    },
    {
      "address": "EPjFWdd5AufqSSqeM2qN1xzybapC8G4wEGGkZwyTDt1v",
      "name": "USD Coin",
      "symbol": "USDC",
      "liquidity": "49890.29164957474",
      "price": "0.003107156499123076",
      "ageInHours": 0,
      "marketCap": "368085.14895091404",
      "volume24h": "1443.4434517556856",
      "posted": true,
      "initialPrice": 0.003107156499123076,
      "postedAt": 1751091188696
    },
    {
      "address": "Es9vMFrzaCERmJfrF4H2FYD4KCoNkY11McCe8BenwNYB",
      "name": "USDT",
      "symbol": "USDT",
      "liquidity": "29426.766100377918",
      "price": "0.006907610272981777",
      "ageInHours": 0,
      "marketCap": "15768.752073842752",
      "volume24h": "7831.407116744064",
      "posted": true,
      "initialPrice": 0.006907610272981777,
      "postedAt": 1751091218713
    },
    {
      "address": "4ytpZgVoNB66bFs6NRCUaAVsLdtYk2fHq4U92Jnjpump",
      "name": "Banana Tape Wall",
      "symbol": "BTW",
      "liquidity": "49090.90508769314",
      "price": "0.004014836107735691",
      "ageInHours": 0,
      "marketCap": "149374.92894028057",
      "volume24h": "5099.436748963996",
      "posted": true,
      "initialPrice": 0.004014836107735691,
      "postedAt": 1751091248697
    },
    {
      "address": "2b1kV6DkPAnxd5ixfnxCpjxmKwqjjaYmCZfHsFu24GXo",
      "name": "PayPal USD",
      "symbol": "PYUSD",
      "liquidity": "50493.99416725781",
      "price": "0.004520684429016231",
      "ageInHours": 0,
      "marketCap": "197976.7977085318",
      "volume24h": "2033.1308758022756",
      "posted": true,
      "initialPrice": 0.004520684429016231,
      "postedAt": 1751091291706
    }
  ],
  "tracked": []
}