{
  "tokens": [
    {
      "tokenAddress": "Dw3sD6BNqqyWdZ5wuHWQcPrjr31BExir9KFLwvxtpump",
      "tokenName": "atomic ai",
      "tokenSymbol": "atomic",
      "liquidity": "6197.002027860734",
      "price": "0.0000035382960461204095",
      "classification": "red",
      "riskScore": 80,
      "qualityMetrics": "{\"liquidityScore\":6.1970020278607345,\"marketCapScore\":0.7075245740924323,\"volumeScore\":100,\"nameQualityScore\":80,\"overallScore\":30.691058183372025,\"reasons\":[\"Overall quality: 30.7%\"]}",
      "ageInHours": 5,
      "marketCap": "3537.6228704621612",
      "volume24h": "438989.9203155612",
      "posted": true,
      "queuedAt": 1750350435868
    },
    {
      "tokenAddress": "DmaMUokGSwXcAf4eaSv3DanVVHEYzWnBDLCuPxXTpump",
      "tokenName": "poppy",
      "tokenSymbol": "poppy",
      "liquidity": "8118.835841131989",
      "price": "0.000006744976469583662",
      "classification": "red",
      "riskScore": 80,
      "qualityMetrics": "{\"liquidityScore\":8.118835841131988,\"marketCapScore\":1.348906850397657,\"volumeScore\":100,\"nameQualityScore\":80,\"overallScore\":31.652206391572093,\"reasons\":[\"Overall quality: 31.7%\"]}",
      "ageInHours": 8,
      "marketCap": "6744.534251988284",
      "volume24h": "127767.69751125603",
      "posted": true,
      "queuedAt": 1750350435869
    },
    {
      "tokenAddress": "JAnhS3rMFFTCWf6oRNZrkmAnmndaDiJRATYVnyrCpump",
      "tokenName": "Society Coin",
      "tokenSymbol": "SCTY",
      "liquidity": "64206.37136777055",
      "price": "0.0004014161576034044",
      "classification": "yellow",
      "riskScore": 61.209826345549764,
      "qualityMetrics": "{\"liquidityScore\":64.20637136777056,\"marketCapScore\":80.28277004757075,\"volumeScore\":5.113970465353927,\"nameQualityScore\":80,\"overallScore\":58.790173654450236,\"reasons\":[\"Overall quality: 58.8%\"]}",
      "ageInHours": 0,
      "marketCap": "401413.85023785377",
      "volume24h": "2556.9852326769637",
      "posted": true,
      "queuedAt": 1750350435869
    },
    {
      "tokenAddress": "98aprruoAHdVvoeRQJmcARd2HhJC4QN32AL9c2bnpump",
      "tokenName": "DAM",
      "tokenSymbol": "DAM",
      "liquidity": "15488.44416322151",
      "price": "0.00001874614391764053",
      "classification": "red",
      "riskScore": 80,
      "qualityMetrics": "{\"liquidityScore\":15.48844416322151,\"marketCapScore\":3.737736855081999,\"volumeScore\":0.10755205384762405,\"nameQualityScore\":20,\"overallScore\":9.33820913258273,\"reasons\":[\"Overall quality: 9.3%\"]}",
      "ageInHours": 15,
      "marketCap": "18688.684275409993",
      "volume24h": "53.776026923812026",
      "posted": true,
      "queuedAt": 1750350435869
    },
    {
      "tokenAddress": "CTK71KsK7VVYTRvvCyFoQUxH8NFwfeamJC1qEKHLpump",
      "tokenName": "Sola AI",
      "tokenSymbol": "Sola ",
      "liquidity": "5285.385689145573",
      "price": "0.0000027076142967966573",
      "classification": "red",
      "riskScore": 80,
      "qualityMetrics": "{\"liquidityScore\":5.285385689145573,\"marketCapScore\":0.5412599299273976,\"volumeScore\":100,\"nameQualityScore\":80,\"overallScore\":30.27653225463645,\"reasons\":[\"Overall quality: 30.3%\"]}",
      "ageInHours": 0,
      "marketCap": "2706.299649636988",
      "volume24h": "531676.1456375706",
      "posted": true,
      "queuedAt": 1750350435870
    },
    {
      "tokenAddress": "sSo1wxKKr6zW2hqf5hZrp2CawLibcwi1pMBqk5bg2G4",
      "tokenName": "Solayer Stake Pool LP Token",
      "tokenSymbol": "LP-SOLAYER",
      "liquidity": "101065313.41709259",
      "price": "156.48061164977491",
      "classification": "green",
      "riskScore": 10,
      "qualityMetrics": "{\"liquidityScore\":100,\"marketCapScore\":100,\"volumeScore\":100,\"nameQualityScore\":80,\"overallScore\":98,\"reasons\":[\"Overall quality: 98.0%\"]}",
      "ageInHours": 0,
      "marketCap": "75040042.6114066",
      "volume24h": "1659808.6980086977",
      "posted": true,
      "queuedAt": 1750350762663
    },
    {
      "tokenAddress": "he1iusmfkpAdwvxLNGV8Y1iSbj4rUy6yMhEA3fotn9A",
      "tokenName": "Helius Staked SOL",
      "tokenSymbol": "hSOL",
      "liquidity": "76448590.02175614",
      "price": "158.1327784072091",
      "classification": "green",
      "riskScore": 10,
      "qualityMetrics": "{\"liquidityScore\":100,\"marketCapScore\":100,\"volumeScore\":100,\"nameQualityScore\":80,\"overallScore\":98,\"reasons\":[\"Overall quality: 98.0%\"]}",
      "ageInHours": 0,
      "marketCap": "79671180.95978962",
      "volume24h": "118011.01403556982",
      "posted": true,
      "queuedAt": 1750350762663
    },
    {
      "tokenAddress": "USDSwr9ApdHk5bvJKMjzff41FfuX8bSxdKcR81vTwcA",
      "tokenName": "USDS",
      "tokenSymbol": "USDS",
      "liquidity": "47754395.93248827",
      "price": "0.9997067223832349",
      "classification": "green",
      "riskScore": 10,
      "qualityMetrics": "{\"liquidityScore\":100,\"marketCapScore\":100,\"volumeScore\":100,\"nameQualityScore\":80,\"overallScore\":98,\"reasons\":[\"Overall quality: 98.0%\"]}",
      "ageInHours": 0,
      "marketCap": "64551938.213939376",
      "volume24h": "3255124.209020988",
      "posted": true,
      "queuedAt": 1750350762671
    },
    {
      "tokenAddress": "7BgBvyjrZX1YKz4oh9mjb8ZScatkkwb8DzFx7LoiVkM3",
      "tokenName": "SLERF",
      "tokenSymbol": "SLERF",
      "liquidity": "39185950.25620446",
      "price": "0.06824156167096272",
      "classification": "green",
      "riskScore": 10,
      "qualityMetrics": "{\"liquidityScore\":100,\"marketCapScore\":100,\"volumeScore\":100,\"nameQualityScore\":80,\"overallScore\":98,\"reasons\":[\"Overall quality: 98.0%\"]}",
      "ageInHours": 0,
      "marketCap": "34120113.94222966",
      "volume24h": "278054.59666135686",
      "posted": true,
      "queuedAt": 1750350762673
    },
    {
      "tokenAddress": "AvZZF1YaZDziPY2RCK4oJrRVrbN3mTD9NL24hPeaZeUj",
      "tokenName": "Syrup USDC",
      "tokenSymbol": "syrupUSDC",
      "liquidity": "33874088.99258843",
      "price": "1.1069410754488167",
      "classification": "green",
      "riskScore": 10,
      "qualityMetrics": "{\"liquidityScore\":100,\"marketCapScore\":100,\"volumeScore\":100,\"nameQualityScore\":80,\"overallScore\":98,\"reasons\":[\"Overall quality: 98.0%\"]}",
      "ageInHours": 0,
      "marketCap": "56660570.285501935",
      "volume24h": "3923851.400692833",
      "posted": true,
      "queuedAt": 1750350762675
    },
    {
      "tokenAddress": "8vVGYGwpChc86gumDGrZMNuMUKVfGrLggTSZ4MY9pump",
      "tokenName": "Butts, Tits, Coins",
      "tokenSymbol": "BTC",
      "liquidity": "8164.229257922225",
      "price": "0.000009035338950557875",
      "classification": "red",
      "riskScore": 80,
      "qualityMetrics": "{\"liquidityScore\":8.164229257922225,\"marketCapScore\":1.8057525442307543,\"volumeScore\":6.337294948654977,\"nameQualityScore\":80,\"overallScore\":13.074876456169111,\"reasons\":[\"Overall quality: 13.1%\"]}",
      "ageInHours": 0,
      "marketCap": "9028.762721153771",
      "volume24h": "3168.6474743274885",
      "posted": true,
      "queuedAt": 1750351062641
    },
    {
      "tokenAddress": "5rmx75XP4VkWcxYsmcLSRbbwzN8g2Cy4YDgBabvboop",
      "tokenName": "respect the pump",
      "tokenSymbol": "pump",
      "liquidity": "16051.008439578432",
      "price": "0.000027115504111290076",
      "classification": "red",
      "riskScore": 80,
      "qualityMetrics": "{\"liquidityScore\":16.051008439578432,\"marketCapScore\":5.423089747006247,\"volumeScore\":55.56092591126352,\"nameQualityScore\":80,\"overallScore\":27.159515482185952,\"reasons\":[\"Overall quality: 27.2%\"]}",
      "ageInHours": 1,
      "marketCap": "27115.448735031237",
      "volume24h": "27780.46295563176",
      "posted": true,
      "queuedAt": 1750351062642
    },
    {
      "tokenAddress": "5vJgfz1rcZBeVyzk8LkXzNPoxjwLvmEDtRitobZYpump",
      "tokenName": "REVENGE ARC",
      "tokenSymbol": "R/ARC",
      "liquidity": "9869.264841236796",
      "price": "0.000005057200010970211",
      "classification": "red",
      "riskScore": 80,
      "qualityMetrics": "{\"liquidityScore\":9.869264841236797,\"marketCapScore\":1.0111427757833011,\"volumeScore\":10.14151062313994,\"nameQualityScore\":80,\"overallScore\":14.279350893857696,\"reasons\":[\"Overall quality: 14.3%\"]}",
      "ageInHours": 0,
      "marketCap": "5055.713878916506",
      "volume24h": "5070.755311569969",
      "posted": true,
      "queuedAt": 1750351062649
    },
    {
      "tokenAddress": "tTYmLwsXCHsDqnN9D5VzoaLjtfJY48pKoZiA2hQpump",
      "tokenName": "moontrump",
      "tokenSymbol": "moontrump",
      "liquidity": "8305.474395623536",
      "price": "0.0000064247862423984855",
      "classification": "red",
      "riskScore": 80,
      "qualityMetrics": "{\"liquidityScore\":8.305474395623536,\"marketCapScore\":1.2847036419099227,\"volumeScore\":0.2106294386916539,\"nameQualityScore\":80,\"overallScore\":11.749726738560723,\"reasons\":[\"Overall quality: 11.7%\"]}",
      "ageInHours": 1,
      "marketCap": "6423.518209549613",
      "volume24h": "105.31471934582694",
      "posted": true,
      "queuedAt": 1750351062649
    },
    {
      "tokenAddress": "AYHXXJhuQ7m26QjSJwgynfDcy4BVDfxG4zjATmYXjswk",
      "tokenName": "BROWSER",
      "tokenSymbol": "BROWSER",
      "liquidity": "8242.172166503367",
      "price": "0.00001230575146267535",
      "classification": "red",
      "riskScore": 80,
      "qualityMetrics": "{\"liquidityScore\":8.242172166503368,\"marketCapScore\":2.460650545313738,\"volumeScore\":0.39517016508824243,\"nameQualityScore\":80,\"overallScore\":12.114098063213117,\"reasons\":[\"Overall quality: 12.1%\"]}",
      "ageInHours": 19,
      "marketCap": "12303.25272656869",
      "volume24h": "197.5850825441212",
      "posted": false,
      "queuedAt": 1750351062656
    },
    {
      "tokenAddress": "HtfR4r9hhba6aFiC8Bc7jSkTKmff2uGYbTVeGSGMpump",
      "tokenName": "Airbag",
      "tokenSymbol": "Airbag",
      "liquidity": "86401.86995712199",
      "price": "0.00010525436213218457",
      "classification": "yellow",
      "riskScore": 51.12399028922013,
      "qualityMetrics": "{\"liquidityScore\":86.40186995712199,\"marketCapScore\":21.050872426436914,\"volumeScore\":100,\"nameQualityScore\":80,\"overallScore\":68.87600971077987,\"reasons\":[\"Overall quality: 68.9%\"]}",
      "ageInHours": 0,
      "marketCap": "105254.36213218457",
      "volume24h": "5146443.351272414",
      "posted": false,
      "queuedAt": 1750352063464
    },
    {
      "tokenAddress": "HYkumPhYjDxEcxMGbeafyXyYNMaeJWyzunNNfgbGyBAo",
      "tokenName": "Aura Agents",
      "tokenSymbol": "AGNT",
      "liquidity": "333468.19816359034",
      "price": "0.005048440951782972",
      "classification": "green",
      "riskScore": 10,
      "qualityMetrics": "{\"liquidityScore\":100,\"marketCapScore\":100,\"volumeScore\":100,\"nameQualityScore\":80,\"overallScore\":98,\"reasons\":[\"Overall quality: 98.0%\"]}",
      "ageInHours": 0,
      "marketCap": "5048440.951782973",
      "volume24h": "4878192.212170474",
      "posted": false,
      "queuedAt": 1750352063465
    },
    {
      "tokenAddress": "Ai3eKAWjzKMV8wRwd41nVP83yqfbAVJykhvJVPxspump",
      "tokenName": "moonpig",
      "tokenSymbol": "moonpig",
      "liquidity": "1128367.568651414",
      "price": "0.009064569684601257",
      "classification": "green",
      "riskScore": 10,
      "qualityMetrics": "{\"liquidityScore\":100,\"marketCapScore\":100,\"volumeScore\":100,\"nameQualityScore\":80,\"overallScore\":98,\"reasons\":[\"Overall quality: 98.0%\"]}",
      "ageInHours": 0,
      "marketCap": "8886222.08333471",
      "volume24h": "4856898.742361675",
      "posted": false,
      "queuedAt": 1750352063482
    },
    {
      "tokenAddress": "6CAKx8GmFSHzmuKq54mfNihCGEnMDzM4bivCS3dsPUMP",
      "tokenName": "Gorbagana",
      "tokenSymbol": "gorbagana",
      "liquidity": "108369.29723979907",
      "price": "0.00009944279597114316",
      "classification": "yellow",
      "riskScore": 46.03343224173142,
      "qualityMetrics": "{\"liquidityScore\":100,\"marketCapScore\":19.888559194228634,\"volumeScore\":100,\"nameQualityScore\":80,\"overallScore\":73.96656775826858,\"reasons\":[\"Overall quality: 74.0%\"]}",
      "ageInHours": 0,
      "marketCap": "99442.79597114316",
      "volume24h": "4668669.759483123",
      "posted": false,
      "queuedAt": 1750352063483
    },
    {
      "tokenAddress": "HyU6PuA4oDPxnEpP7E3MGc4u6MQ4m31LZihTF7RPbonk",
      "tokenName": "Just a Circle",
      "tokenSymbol": "CRCL",
      "liquidity": "119073.79778667275",
      "price": "0.0007244826128781018",
      "classification": "green",
      "riskScore": 10,
      "qualityMetrics": "{\"liquidityScore\":100,\"marketCapScore\":100,\"volumeScore\":100,\"nameQualityScore\":80,\"overallScore\":98,\"reasons\":[\"Overall quality: 98.0%\"]}",
      "ageInHours": 0,
      "marketCap": "724469.511242514",
      "volume24h": "4630921.365534035",
      "posted": false,
      "queuedAt": 1750352063484
    },
    {
      "tokenAddress": "BxhBuKkTEz5tSkni9N5S6AJmbqbS6M5Vx6vnz3wLPUMP",
      "tokenName": "Fart Sparkle Mermaid",
      "tokenSymbol": "FSM",
      "liquidity": "205718.79462663824",
      "price": "0.0001911287860211568",
      "classification": "green",
      "riskScore": 20.532277784127842,
      "qualityMetrics": "{\"liquidityScore\":100,\"marketCapScore\":38.225740719573864,\"volumeScore\":100,\"nameQualityScore\":80,\"overallScore\":79.46772221587216,\"reasons\":[\"Overall quality: 79.5%\"]}",
      "ageInHours": 8,
      "marketCap": "191128.70359786932",
      "volume24h": "17395535.203673378",
      "posted": false,
      "queuedAt": 1751103656208
    },
    {
      "tokenAddress": "8e1NvZFFFM3oA2jakiP9UBUJ6joNDu4JbEusL49ssb3P",
      "tokenName": "Krasnov",
      "tokenSymbol": "Krasnov",
      "liquidity": "422633.875036344",
      "price": "0.005619423026055422",
      "classification": "green",
      "riskScore": 10,
      "qualityMetrics": "{\"liquidityScore\":100,\"marketCapScore\":100,\"volumeScore\":100,\"nameQualityScore\":80,\"overallScore\":98,\"reasons\":[\"Overall quality: 98.0%\"]}",
      "ageInHours": 0,
      "marketCap": "5619423.026055422",
      "volume24h": "16738240.596675172",
      "posted": false,
      "queuedAt": 1751103656211
    },
    {
      "tokenAddress": "FkMoHYMrzt5d3BQ2cQ7Xna91CowTczFiKiWz6GhgPump",
      "tokenName": "MINDLESS COIN",
      "tokenSymbol": "MINDLESS",
      "liquidity": "158017.89358093773",
      "price": "0.0002129991262878006",
      "classification": "green",
      "riskScore": 19.220057560666348,
      "qualityMetrics": "{\"liquidityScore\":100,\"marketCapScore\":42.59980813111216,\"volumeScore\":100,\"nameQualityScore\":80,\"overallScore\":80.77994243933365,\"reasons\":[\"Overall quality: 80.8%\"]}",
      "ageInHours": 0,
      "marketCap": "212999.0406555608",
      "volume24h": "16310846.052364446",
      "posted": false,
      "queuedAt": 1751103656219
    },
    {
      "tokenAddress": "CeUJDTPgft67uWhvn1PAQ3KHAtfaJ5PymYPUodgspump",
      "tokenName": "Mortgage Coin",
      "tokenSymbol": "Mortgage",
      "liquidity": "118980.07521041462",
      "price": "0.00007020960233746227",
      "classification": "yellow",
      "riskScore": 47.787423859752266,
      "qualityMetrics": "{\"liquidityScore\":100,\"marketCapScore\":14.041920467492455,\"volumeScore\":100,\"nameQualityScore\":80,\"overallScore\":72.21257614024773,\"reasons\":[\"Overall quality: 72.2%\"]}",
      "ageInHours": 16,
      "marketCap": "70209.60233746227",
      "volume24h": "15716433.541460875",
      "posted": false,
      "queuedAt": 1751103656231
    },
    {
      "tokenAddress": "5KxMRtwo84d5Vy1iXpCCbrsGHzMcqzHgW87iwAnHPUMP",
      "tokenName": "Tesla Robotaxi",
      "tokenSymbol": "@robotaxi",
      "liquidity": "149162.98133429367",
      "price": "0.00011526110191844404",
      "classification": "yellow",
      "riskScore": 45.08433833830121,
      "qualityMetrics": "{\"liquidityScore\":100,\"marketCapScore\":23.052205538995977,\"volumeScore\":100,\"nameQualityScore\":80,\"overallScore\":74.91566166169879,\"reasons\":[\"Overall quality: 74.9%\"]}",
      "ageInHours": 0,
      "marketCap": "115261.02769497989",
      "volume24h": "15325980.266564026",
      "posted": false,
      "queuedAt": 1751103656232
    },
    {
      "tokenAddress": "picobAEvs6w7QEknPce34wAE4gknZA9v5tTonnmHYdX",
      "tokenName": "picoSOL",
      "tokenSymbol": "picoSOL",
      "liquidity": "15047646.951677565",
      "price": "166.39328255710294",
      "classification": "green",
      "riskScore": 10,
      "qualityMetrics": "{\"liquidityScore\":100,\"marketCapScore\":100,\"volumeScore\":100,\"nameQualityScore\":80,\"overallScore\":98,\"reasons\":[\"Overall quality: 98.0%\"]}",
      "ageInHours": 0,
      "marketCap": "41163184.41471415",
      "volume24h": "75658.94050539372",
      "posted": false,
      "queuedAt": 1751103955117
    },
    {
      "tokenAddress": "AUSD1jCcCyPLybk1YnvPWsHQSrZ46dxwoMniN4N2UEB9",
      "tokenName": "AUSD",
      "tokenSymbol": "AUSD",
      "liquidity": "14064862.726644585",
      "price": "0.9989410248951752",
      "classification": "green",
      "riskScore": 10,
      "qualityMetrics": "{\"liquidityScore\":100,\"marketCapScore\":100,\"volumeScore\":100,\"nameQualityScore\":80,\"overallScore\":98,\"reasons\":[\"Overall quality: 98.0%\"]}",
      "ageInHours": 0,
      "marketCap": "29968210.949646235",
      "volume24h": "1900746.5949422917",
      "posted": false,
      "queuedAt": 1751103955118
    },
    {
      "tokenAddress": "EPCz5LK372vmvCkZH3HgSuGNKACJJwwxsofW6fypCPZL",
      "tokenName": "Starke Staked SOL",
      "tokenSymbol": "rkSOL",
      "liquidity": "12358732.19472188",
      "price": "174.05617288462037",
      "classification": "green",
      "riskScore": 14.91275715866999,
      "qualityMetrics": "{\"liquidityScore\":100,\"marketCapScore\":100,\"volumeScore\":35.43621420665005,\"nameQualityScore\":80,\"overallScore\":85.08724284133001,\"reasons\":[\"Overall quality: 85.1%\"]}",
      "ageInHours": 5,
      "marketCap": "15311696.828804586",
      "volume24h": "17718.107103325023",
      "posted": false,
      "queuedAt": 1751103955118
    },
    {
      "tokenAddress": "BonK1YhkXEGLZzwtcvRTip3gAL9nCeQD7ppZBLXhtTs",
      "tokenName": "bonkSOL",
      "tokenSymbol": "bonkSOL",
      "liquidity": "11510717.365639608",
      "price": "164.22449963855124",
      "classification": "green",
      "riskScore": 10,
      "qualityMetrics": "{\"liquidityScore\":100,\"marketCapScore\":100,\"volumeScore\":100,\"nameQualityScore\":80,\"overallScore\":98,\"reasons\":[\"Overall quality: 98.0%\"]}",
      "ageInHours": 0,
      "marketCap": "11876592.071256105",
      "volume24h": "69244.43094246581",
      "posted": false,
      "queuedAt": 1751103955119
    },
    {
      "tokenAddress": "CtzPWv73Sn1dMGVU3ZtLv9yWSyUAanBni19YWDaznnkn",
      "tokenName": "OKX Wrapped BTC",
      "tokenSymbol": "xBTC",
      "liquidity": "10452426.443270992",
      "price": "107576.77759248865",
      "classification": "green",
      "riskScore": 10,
      "qualityMetrics": "{\"liquidityScore\":100,\"marketCapScore\":100,\"volumeScore\":100,\"nameQualityScore\":80,\"overallScore\":98,\"reasons\":[\"Overall quality: 98.0%\"]}",
      "ageInHours": 0,
      "marketCap": "19358522.280462045",
      "volume24h": "4543460.70678063",
      "posted": false,
      "queuedAt": 1751103955120
    },
    {
      "tokenAddress": "4kPUCWou3emv1oNvCJaCFfKZQ4Smeq9Vss5ugtkCpump",
      "tokenName": "Always Propaganda",
      "tokenSymbol": "AP",
      "liquidity": "7203.266640296009",
      "price": "0.000004336489967788812",
      "classification": "red",
      "riskScore": 80,
      "qualityMetrics": "{\"liquidityScore\":7.203266640296009,\"marketCapScore\":0.8661192885394451,\"volumeScore\":0.3265887587442673,\"nameQualityScore\":80,\"overallScore\":11.206460194429091,\"reasons\":[\"Overall quality: 11.2%\"]}",
      "ageInHours": 10,
      "marketCap": "4330.596442697225",
      "volume24h": "163.29437937213365",
      "posted": false,
      "queuedAt": 1751104138573
    },
    {
      "tokenAddress": "DLkiy74Utib6mwrw42wkZf5g7doWXYezAgUvDApDPgCT",
      "tokenName": "S&P 500",
      "tokenSymbol": "SPX",
      "liquidity": "15543.222717719067",
      "price": "0.000020721450716791502",
      "classification": "red",
      "riskScore": 80,
      "qualityMetrics": "{\"liquidityScore\":15.543222717719066,\"marketCapScore\":4.133056499268573,\"volumeScore\":5.554411639754649,\"nameQualityScore\":80,\"overallScore\":16.56808836481913,\"reasons\":[\"Overall quality: 16.6%\"]}",
      "ageInHours": 2,
      "marketCap": "20665.282496342865",
      "volume24h": "2777.2058198773248",
      "posted": false,
      "queuedAt": 1751104138574
    },
    {
      "tokenAddress": "ALbCJ7r81tPuFYpG2hEwsrk6WXBz73xVyWty992Fpump",
      "tokenName": "The flash cat",
      "tokenSymbol": "Ron",
      "liquidity": "12997.582184980818",
      "price": "0.000008628852530588169",
      "classification": "red",
      "riskScore": 80,
      "qualityMetrics": "{\"liquidityScore\":12.99758218498082,\"marketCapScore\":1.7197872733535542,\"volumeScore\":1.005597352466365,\"nameQualityScore\":80,\"overallScore\":13.916088526491666,\"reasons\":[\"Overall quality: 13.9%\"]}",
      "ageInHours": 16,
      "marketCap": "8598.93636676777",
      "volume24h": "502.7986762331825",
      "posted": false,
      "queuedAt": 1751104138580
    },
    {
      "tokenAddress": "BngZsgk4R9TNuLJsHnyEKCTUcBCc4ThcD1zfwfqvpump",
      "tokenName": "OverHypedSolanaHoldersToken",
      "tokenSymbol": "OHSHIT",
      "liquidity": "5614.014671880635",
      "price": "0.000002973791886216169",
      "classification": "red",
      "riskScore": 80,
      "qualityMetrics": "{\"liquidityScore\":5.614014671880636,\"marketCapScore\":0.5946811517199561,\"volumeScore\":0.11966033304496793,\"nameQualityScore\":80,\"overallScore\":10.447942280877236,\"reasons\":[\"Overall quality: 10.4%\"]}",
      "ageInHours": 9,
      "marketCap": "2973.4057585997803",
      "volume24h": "59.830166522483964",
      "posted": false,
      "queuedAt": 1751104138580
    },
    {
      "tokenAddress": "9pW4MwbkwV5PZPtCu7reZkVoTLY8QVWe9392fDLapump",
      "tokenName": "Nudaeng Dog",
      "tokenSymbol": "Nudaeng",
      "liquidity": "8783.797023197321",
      "price": "0.000005624956791836631",
      "classification": "red",
      "riskScore": 80,
      "qualityMetrics": "{\"liquidityScore\":8.783797023197321,\"marketCapScore\":1.1243319574959583,\"volumeScore\":5.0936105003150205,\"nameQualityScore\":80,\"overallScore\":12.86954049659072,\"reasons\":[\"Overall quality: 12.9%\"]}",
      "ageInHours": 1,
      "marketCap": "5621.659787479791",
      "volume24h": "2546.8052501575103",
      "posted": false,
      "queuedAt": 1751104138583
    },
    {
      "tokenAddress": "cuwdJ6FXZ9m81zodCmDmxCwapy3LVB8Lwcs32q6p5pb",
      "tokenName": "Squid3.0",
      "tokenSymbol": "⬤▲■",
      "liquidity": "27076.36337425034",
      "price": "0.000024843216317192795",
      "classification": "red",
      "riskScore": 80,
      "qualityMetrics": "{\"liquidityScore\":27.076363374250338,\"marketCapScore\":4.968643263438559,\"volumeScore\":100,\"nameQualityScore\":80,\"overallScore\":40.321138328731706,\"reasons\":[\"Overall quality: 40.3%\"]}",
      "ageInHours": 2,
      "marketCap": "24843.216317192797",
      "volume24h": "15031402.766025163",
      "posted": false,
      "queuedAt": 1751107361496
    },
    {
      "tokenAddress": "BAiDza8BEY8sfJFs3tT4QpmBNJtGDkYLjesyNs5cpump",
      "tokenName": "Fart Sparkle Mermaid",
      "tokenSymbol": "FSM",
      "liquidity": "171588.633174047",
      "price": "0.00016518668172289423",
      "classification": "green",
      "riskScore": 22.088799096626346,
      "qualityMetrics": "{\"liquidityScore\":100,\"marketCapScore\":33.03733634457885,\"volumeScore\":100,\"nameQualityScore\":80,\"overallScore\":77.91120090337365,\"reasons\":[\"Overall quality: 77.9%\"]}",
      "ageInHours": 9,
      "marketCap": "165186.68172289422",
      "volume24h": "14622097.262934823",
      "posted": false,
      "queuedAt": 1751107361501
    },
    {
      "tokenAddress": "FKfd5TjCFJuWrcQvAE68utdRmFRK7MzxGsnJSBg3pump",
      "tokenName": "HUNYUAN",
      "tokenSymbol": "A13B",
      "liquidity": "138839.8194371737",
      "price": "0.00010758466623981317",
      "classification": "yellow",
      "riskScore": 45.54492294744264,
      "qualityMetrics": "{\"liquidityScore\":100,\"marketCapScore\":21.516923508524542,\"volumeScore\":100,\"nameQualityScore\":80,\"overallScore\":74.45507705255736,\"reasons\":[\"Overall quality: 74.5%\"]}",
      "ageInHours": 0,
      "marketCap": "107584.61754262271",
      "volume24h": "14583385.764121445",
      "posted": false,
      "queuedAt": 1751107361533
    },
    {
      "tokenAddress": "J8XNoBVdiLjuUd3wk9p7yj1cSqcwX9hpiBoU6Hpnmoon",
      "tokenName": "Cum",
      "tokenSymbol": "CUMSHOT",
      "liquidity": "246502.79550118058",
      "price": "0.0016182799973779856",
      "classification": "green",
      "riskScore": 10,
      "qualityMetrics": "{\"liquidityScore\":100,\"marketCapScore\":100,\"volumeScore\":100,\"nameQualityScore\":20,\"overallScore\":92,\"reasons\":[\"Overall quality: 92.0%\"]}",
      "ageInHours": 0,
      "marketCap": "1618279.6090211046",
      "volume24h": "13904229.057248667",
      "posted": false,
      "queuedAt": 1751107361534
    },
    {
      "tokenAddress": "22BwGB44ZJpZSj2bPGvizz3UXt37G7sJAt2ZeZqapump",
      "tokenName": "Mooncoin",
      "tokenSymbol": "MOONCOIN",
      "liquidity": "92640.009588703",
      "price": "0.00005889243340139743",
      "classification": "yellow",
      "riskScore": 51.41045021160549,
      "qualityMetrics": "{\"liquidityScore\":92.640009588703,\"marketCapScore\":11.778486509711028,\"volumeScore\":100,\"nameQualityScore\":80,\"overallScore\":68.5895497883945,\"reasons\":[\"Overall quality: 68.6%\"]}",
      "ageInHours": 0,
      "marketCap": "58892.43254855514",
      "volume24h": "13332506.504236331",
      "posted": false,
      "queuedAt": 1751107361535
    },
    {
      "tokenAddress": "CFjRDZahCBEPRGsESM3ViLvKkBURJgnqEVdzce4DF8p6",
      "tokenName": "OFFICIAL MAGA",
      "tokenSymbol": "MAGA",
      "liquidity": "9656880.228897113",
      "price": "0.028519934515995035",
      "classification": "green",
      "riskScore": 21.833829112000004,
      "qualityMetrics": "{\"liquidityScore\":100,\"marketCapScore\":100,\"volumeScore\":0.83085444,\"nameQualityScore\":80,\"overallScore\":78.166170888,\"reasons\":[\"Overall quality: 78.2%\"]}",
      "ageInHours": 0,
      "marketCap": "28519892.345924072",
      "volume24h": "415.42722",
      "posted": false,
      "queuedAt": 1751107661068
    },
    {
      "tokenAddress": "zBTCug3er3tLyffELcvDNrKkCymbPWysGcWihESYfLg",
      "tokenName": "zBTC",
      "tokenSymbol": "zBTC",
      "liquidity": "9206920.051094687",
      "price": "107212.45751758743",
      "classification": "green",
      "riskScore": 10,
      "qualityMetrics": "{\"liquidityScore\":100,\"marketCapScore\":100,\"volumeScore\":100,\"nameQualityScore\":80,\"overallScore\":98,\"reasons\":[\"Overall quality: 98.0%\"]}",
      "ageInHours": 0,
      "marketCap": "30994394.38989988",
      "volume24h": "1419003.9653372783",
      "posted": false,
      "queuedAt": 1751107661069
    },
    {
      "tokenAddress": "3TAMTuziY3tvNppxVPzN93Fzjcm2C1H1VrDkP4GzPump",
      "tokenName": "TOPBLAST",
      "tokenSymbol": "TOPBLAST",
      "liquidity": "125966.42843896107",
      "price": "0.0001242461900971239",
      "classification": "green",
      "riskScore": 24.545228594172556,
      "qualityMetrics": "{\"liquidityScore\":100,\"marketCapScore\":24.84923801942478,\"volumeScore\":100,\"nameQualityScore\":80,\"overallScore\":75.45477140582744,\"reasons\":[\"Overall quality: 75.5%\"]}",
      "ageInHours": 19,
      "marketCap": "124246.1900971239",
      "volume24h": "7013221.138761856",
      "posted": false,
      "queuedAt": 1751107965542
    },
    {
      "tokenAddress": "6YGxQqZJu4WQ4p98DTLBmbjq26V7EsJRxtGLC2FGPUMP",
      "tokenName": "buy your mom a house",
      "tokenSymbol": "momhouse",
      "liquidity": "108203.28215098858",
      "price": "0.00009612971695364481",
      "classification": "yellow",
      "riskScore": 46.23221698278131,
      "qualityMetrics": "{\"liquidityScore\":100,\"marketCapScore\":19.22594339072896,\"volumeScore\":100,\"nameQualityScore\":80,\"overallScore\":73.76778301721869,\"reasons\":[\"Overall quality: 73.8%\"]}",
      "ageInHours": 17,
      "marketCap": "96129.7169536448",
      "volume24h": "6894876.0519179655",
      "posted": false,
      "queuedAt": 1751107965550
    },
    {
      "tokenAddress": "8BdL4iRniaNmBF91xfzwppnvuPooNKCWaQ5fk9CXPump",
      "tokenName": "Squid Game The Final Season",
      "tokenSymbol": "SQG3",
      "liquidity": "126766.01791934308",
      "price": "0.00007406891826408868",
      "classification": "yellow",
      "riskScore": 47.555864904154674,
      "qualityMetrics": "{\"liquidityScore\":100,\"marketCapScore\":14.813783652817733,\"volumeScore\":100,\"nameQualityScore\":80,\"overallScore\":72.44413509584533,\"reasons\":[\"Overall quality: 72.4%\"]}",
      "ageInHours": 6,
      "marketCap": "74068.91826408867",
      "volume24h": "6818610.542809226",
      "posted": false,
      "queuedAt": 1751107965562
    },
    {
      "tokenAddress": "DNp82ZdvS6TYvKDbcdHFad7nowc4t8yY5niUqX55pump",
      "tokenName": "Bitchcoin",
      "tokenSymbol": "$BITCH",
      "liquidity": "181623.07245828304",
      "price": "0.0001521018417277216",
      "classification": "green",
      "riskScore": 22.8738894963367,
      "qualityMetrics": "{\"liquidityScore\":100,\"marketCapScore\":30.42036834554432,\"volumeScore\":100,\"nameQualityScore\":80,\"overallScore\":77.1261105036633,\"reasons\":[\"Overall quality: 77.1%\"]}",
      "ageInHours": 9,
      "marketCap": "152101.8417277216",
      "volume24h": "6558141.858590024",
      "posted": false,
      "queuedAt": 1751107965562
    },
    {
      "tokenAddress": "DRRTWrARiQeKuX5PsrPyrPs95Hx42T4XF8ghgPDfPump",
      "tokenName": "Truth Terminal Cat",
      "tokenSymbol": "MOONCAT",
      "liquidity": "85177.28735293845",
      "price": "0.00006258611836312117",
      "classification": "yellow",
      "riskScore": 54.17391795703733,
      "qualityMetrics": "{\"liquidityScore\":85.17728735293846,\"marketCapScore\":12.517223672624233,\"volumeScore\":100,\"nameQualityScore\":80,\"overallScore\":65.82608204296267,\"reasons\":[\"Overall quality: 65.8%\"]}",
      "ageInHours": 17,
      "marketCap": "62586.11836312117",
      "volume24h": "6449964.7307230085",
      "posted": false,
      "queuedAt": 1751107965564
    },
    {
      "tokenAddress": "HCgvbV9Qcf9TVGPGKMGbVEj8WwwVD6HhTt5E2i3qkeN9",
      "tokenName": "METAVERSE",
      "tokenSymbol": "METAV",
      "liquidity": "6077620.7399993045",
      "price": "0.00338703403867554",
      "classification": "green",
      "riskScore": 21.951885443520865,
      "qualityMetrics": "{\"liquidityScore\":100,\"marketCapScore\":100,\"volumeScore\":0.240572782395657,\"nameQualityScore\":80,\"overallScore\":78.04811455647913,\"reasons\":[\"Overall quality: 78.0%\"]}",
      "ageInHours": 4,
      "marketCap": "3370065.45151068",
      "volume24h": "120.2863911978285",
      "posted": false,
      "queuedAt": 1751108282230
    },
    {
      "tokenAddress": "WskzsKqEW3ZsmrhPAevfVZb6PuuLzWov9mJWZsfDePC",
      "tokenName": "PUNDU",
      "tokenSymbol": "PUNDU",
      "liquidity": "6041097.419242166",
      "price": "0.0033629120130372627",
      "classification": "green",
      "riskScore": 21.649281774724145,
      "qualityMetrics": "{\"liquidityScore\":100,\"marketCapScore\":100,\"volumeScore\":1.7535911263792767,\"nameQualityScore\":80,\"overallScore\":78.35071822527586,\"reasons\":[\"Overall quality: 78.4%\"]}",
      "ageInHours": 0,
      "marketCap": "3349093.5464474256",
      "volume24h": "876.7955631896384",
      "posted": false,
      "queuedAt": 1751108282231
    },
    {
      "tokenAddress": "25hAyBQfoDhfWx9ay6rarbgvWGwDdNqcHsXS3jQ3mTDJ",
      "tokenName": "MANEKI",
      "tokenSymbol": "MANEKI",
      "liquidity": "5762718.270733383",
      "price": "0.0010503396328313051",
      "classification": "green",
      "riskScore": 10,
      "qualityMetrics": "{\"liquidityScore\":100,\"marketCapScore\":100,\"volumeScore\":100,\"nameQualityScore\":80,\"overallScore\":98,\"reasons\":[\"Overall quality: 98.0%\"]}",
      "ageInHours": 0,
      "marketCap": "9304636.722097917",
      "volume24h": "395459.61777446384",
      "posted": false,
      "queuedAt": 1751108282232
    },
    {
      "tokenAddress": "YUYAiJo8KVbnc6Fb6h3MnH2VGND4uGWDH4iLnw7DLEu",
      "tokenName": "Yala stablecoin",
      "tokenSymbol": "YU",
      "liquidity": "5649675.973292292",
      "price": "0.9999186667243175",
      "classification": "green",
      "riskScore": 10,
      "qualityMetrics": "{\"liquidityScore\":100,\"marketCapScore\":100,\"volumeScore\":100,\"nameQualityScore\":80,\"overallScore\":98,\"reasons\":[\"Overall quality: 98.0%\"]}",
      "ageInHours": 1,
      "marketCap": "16201586.547984939",
      "volume24h": "1133872.522984798",
      "posted": false,
      "queuedAt": 1751108282233
    },
    {
      "tokenAddress": "LnTRntk2kTfWEY6cVB8K9649pgJbt6dJLS1Ns1GZCWg",
      "tokenName": "Lantern Staked SOL",
      "tokenSymbol": "lanternSOL",
      "liquidity": "5544927.5176361855",
      "price": "169.5974324768552",
      "classification": "green",
      "riskScore": 20.566735511618162,
      "qualityMetrics": "{\"liquidityScore\":100,\"marketCapScore\":100,\"volumeScore\":7.166322441909213,\"nameQualityScore\":80,\"overallScore\":79.43326448838184,\"reasons\":[\"Overall quality: 79.4%\"]}",
      "ageInHours": 0,
      "marketCap": "2060155.0895080895",
      "volume24h": "3583.1612209546065",
      "posted": false,
      "queuedAt": 1751108282234
    },
    {
      "tokenAddress": "CYdZszyRqn5C9wiSrEvh9cZgeo3UeWb1mj1HiNBppump",
      "tokenName": "Smol Printor",
      "tokenSymbol": "PRINTOR",
      "liquidity": "5343.82748345546",
      "price": "0.0000029586402669787907",
      "classification": "red",
      "riskScore": 80,
      "qualityMetrics": "{\"liquidityScore\":5.343827483455461,\"marketCapScore\":0.57928811876053,\"volumeScore\":100,\"nameQualityScore\":80,\"overallScore\":30.311317429010344,\"reasons\":[\"Overall quality: 30.3%\"]}",
      "ageInHours": 0,
      "marketCap": "2896.44059380265",
      "volume24h": "74106.55022320943",
      "posted": false,
      "queuedAt": 1751108581440
    },
    {
      "tokenAddress": "9dhJK1mN7PKSSjNC3CFqVqRdgWbriuH7ZpJvmXtXpump",
      "tokenName": "MOON COIN",
      "tokenSymbol": "MoonCoin",
      "liquidity": "11466.83623572886",
      "price": "0.000009246751683188757",
      "classification": "red",
      "riskScore": 80,
      "qualityMetrics": "{\"liquidityScore\":11.466836235728861,\"marketCapScore\":1.8469483187744717,\"volumeScore\":12.765248946382446,\"nameQualityScore\":80,\"overallScore\":15.693868779200375,\"reasons\":[\"Overall quality: 15.7%\"]}",
      "ageInHours": 0,
      "marketCap": "9234.741593872359",
      "volume24h": "6382.624473191223",
      "posted": false,
      "queuedAt": 1751108581441
    },
    {
      "tokenAddress": "AQCXMYphwzGDctWJC7iJ5FbfyTfpW5HJe1dub54cnRfm",
      "tokenName": "Boss US",
      "tokenSymbol": "BOSSUS",
      "liquidity": "5805.1401618944565",
      "price": "8.186104842654003e-9",
      "classification": "red",
      "riskScore": 80,
      "qualityMetrics": "{\"liquidityScore\":5.805140161894457,\"marketCapScore\":1.6338815030540017,\"volumeScore\":0.5989051650851789,\"nameQualityScore\":80,\"overallScore\":10.93200154869102,\"reasons\":[\"Overall quality: 10.9%\"]}",
      "ageInHours": 1,
      "marketCap": "8169.40751527001",
      "volume24h": "299.4525825425894",
      "posted": false,
      "queuedAt": 1751108581443
    },
    {
      "tokenAddress": "2pngLT6YDApMFLV6uzhffDLR4aLJXTD3AenpkJNrrZZB",
      "tokenName": "Frosty the Polar Bear",
      "tokenSymbol": "FROSTY",
      "liquidity": "15895.92684079743",
      "price": "0.000012641871791659179",
      "classification": "red",
      "riskScore": 80,
      "qualityMetrics": "{\"liquidityScore\":15.895926840797431,\"marketCapScore\":2.524465614786248,\"volumeScore\":0.45287388152271385,\"nameQualityScore\":80,\"overallScore\":15.20628519705939,\"reasons\":[\"Overall quality: 15.2%\"]}",
      "ageInHours": 5,
      "marketCap": "12622.328073931238",
      "volume24h": "226.43694076135694",
      "posted": false,
      "queuedAt": 1751108581444
    },
    {
      "tokenAddress": "7SiUnuZbN8pwu4H5q3KbD644VHjrGra6oGgr8ZCxpump",
      "tokenName": "NEW PUMPFUN PLUSHIE",
      "tokenSymbol": "PFP",
      "liquidity": "146742.52315956156",
      "price": "0.00229629471109974",
      "classification": "green",
      "riskScore": 10,
      "qualityMetrics": "{\"liquidityScore\":100,\"marketCapScore\":100,\"volumeScore\":100,\"nameQualityScore\":80,\"overallScore\":98,\"reasons\":[\"Overall quality: 98.0%\"]}",
      "ageInHours": 0,
      "marketCap": "2292509.03244264",
      "volume24h": "1036323.2989724712",
      "posted": false,
      "queuedAt": 1751108581447
    },
    {
      "tokenAddress": "58dMHuUJuBeWXiR91sj8TM7WmrTvZ8N3gsYB7gnMnZuH",
      "tokenName": "Squid Games Crypto Coin",
      "tokenSymbol": "LUCK COIN",
      "liquidity": "12378.028615264415",
      "price": "0.000017860663566394556",
      "classification": "red",
      "riskScore": 80,
      "qualityMetrics": "{\"liquidityScore\":12.378028615264416,\"marketCapScore\":3.572132695929641,\"volumeScore\":100,\"nameQualityScore\":80,\"overallScore\":34.02285125488466,\"reasons\":[\"Overall quality: 34.0%\"]}",
      "ageInHours": 11,
      "marketCap": "17860.663479648207",
      "volume24h": "25921001.52182436",
      "posted": false,
      "queuedAt": 1751108764283
    },
    {
      "tokenAddress": "F6XXxyEXXc8S9C3trbMhZL75gXQbBsoM86fYMgBqHG9a",
      "tokenName": "Web3.0 Academy",
      "tokenSymbol": "ACADEMY",
      "liquidity": "89931.35377380814",
      "price": "0.0003321829631448882",
      "classification": "green",
      "riskScore": 16.096480701783463,
      "qualityMetrics": "{\"liquidityScore\":89.93135377380813,\"marketCapScore\":66.43659262897764,\"volumeScore\":100,\"nameQualityScore\":80,\"overallScore\":83.90351929821654,\"reasons\":[\"Overall quality: 83.9%\"]}",
      "ageInHours": 0,
      "marketCap": "332182.9631448882",
      "volume24h": "24033612.86997591",
      "posted": false,
      "queuedAt": 1751108764285
    },
    {
      "tokenAddress": "Do4HoEkZBXYwGYmvweroC19ETX2kCod3VRQrwonxpump",
      "tokenName": "Wrapped PEPE",
      "tokenSymbol": "WPEPE",
      "liquidity": "282343.29774452175",
      "price": "0.0000016112554656192415",
      "classification": "green",
      "riskScore": 10,
      "qualityMetrics": "{\"liquidityScore\":100,\"marketCapScore\":100,\"volumeScore\":100,\"nameQualityScore\":80,\"overallScore\":98,\"reasons\":[\"Overall quality: 98.0%\"]}",
      "ageInHours": 0,
      "marketCap": "1611255.4656192416",
      "volume24h": "23365929.10904575",
      "posted": false,
      "queuedAt": 1751108764286
    },
    {
      "tokenAddress": "CPQTsDw3fksZZXXwV94rdt64J7ZFzmmXZWPc8BsEPUMP",
      "tokenName": "@elon",
      "tokenSymbol": "elon",
      "liquidity": "168173.55162430328",
      "price": "0.00009020743201259407",
      "classification": "yellow",
      "riskScore": 46.58755419374418,
      "qualityMetrics": "{\"liquidityScore\":100,\"marketCapScore\":18.041486020852705,\"volumeScore\":100,\"nameQualityScore\":80,\"overallScore\":73.41244580625582,\"reasons\":[\"Overall quality: 73.4%\"]}",
      "ageInHours": 19,
      "marketCap": "90207.43010426352",
      "volume24h": "22014360.522720583",
      "posted": false,
      "queuedAt": 1751108764287
    }
  ]
}