{
  "config": {
    "enabled": true,
    "maxInvestmentPerToken": 0.1,
    "maxConcurrentPositions": 3,
    "stopLossPercentage": 15,
    "takeProfitPercentage": 30,
    "minLiquidity": 3000,
    "maxMarketCap": 1000000,
    "slippageTolerance": 5,
    "trailingStopEnabled": true,
    "trailingStopDistance": 10,
    "timeBasedExitHours": 24,
    "minTokenAgeMinutes": 20,
    "maxDevWalletPercentage": 25,
    "minTradeCountPerHour": 5,
    "tradeCooldownMinutes": 2,
    "portfolioRiskPercentage": 5,
    "momentumFilterEnabled": true,
    "minMomentumPercentage": 3,
    "sentimentFilterEnabled": false,
    "adaptiveRiskEnabled": true,
    "volatilityAdjustment": true,
    "streakAdjustment": true
  },
  "positions": [
    {
      "tokenAddress": "JUPyiwrYJFskUPiHa7hkeR8VUtAeFoSYbKedZNsDvCN",
      "tokenSymbol": "JUP",
      "buyPrice": 0.005642901908748093,
      "buyAmount": 0.1,
      "tokensReceived": 34.813704,
      "timestamp": 1751108135765,
      "stopLoss": 0.004796466622435879,
      "takeProfit": 0.007335772481372521,
      "status": "sold",
      "peakPrice": 0.006144491119485556,
      "trailingStopPrice": 0.005530042007537,
      "entryTime": 1751108135765,
      "lastPriceUpdate": 1751108405490,
      "exitReason": "Trailing stop triggered"
    },
    {
      "tokenAddress": "Es9vMFrzaCERmJfrF4H2FYD4KCoNkY11McCe8BenwNYB",
      "tokenSymbol": "USDT",
      "buyPrice": 0.009205747628237695,
      "buyAmount": 0.1,
      "tokensReceived": 14.69202,
      "timestamp": 1751108257164,
      "stopLoss": 0.00782488548400204,
      "takeProfit": 0.011967471916709004,
      "status": "sold",
      "peakPrice": 0.009937392185386812,
      "trailingStopPrice": 0.008943652966848131,
      "entryTime": 1751108257164,
      "lastPriceUpdate": 1751108406724,
      "exitReason": "Trailing stop triggered"
    },
    {
      "tokenAddress": "EKpQGSJtjMFqKZ9KQanSqYXRcF8fBopzLHYxdM65zcjm",
      "tokenSymbol": "$WIF",
      "buyPrice": 0.0022343616443566638,
      "buyAmount": 0.1,
      "tokensReceived": 18.372414,
      "timestamp": 1751108384257,
      "stopLoss": 0.0018992073977031642,
      "takeProfit": 0.002904670137663663,
      "status": "sold",
      "peakPrice": 0.002298555328888758,
      "trailingStopPrice": 0.0020686997959998826,
      "entryTime": 1751108384257,
      "lastPriceUpdate": 1751108406728,
      "exitReason": "Trailing stop triggered"
    },
    {
      "tokenAddress": "A8C3xuqscfmyLrte3VmTqrAq8kgMASius9AFNANwpump",
      "tokenSymbol": "FWOG",
      "buyPrice": 0.004575260302060869,
      "buyAmount": 0.1,
      "tokensReceived": 335.451863,
      "timestamp": 1751108505305,
      "stopLoss": 0.0038889712567517385,
      "takeProfit": 0.005947838392679129,
      "status": "sold",
      "peakPrice": 0.0050317951725688,
      "trailingStopPrice": 0.00452861565531192,
      "entryTime": 1751108505305,
      "lastPriceUpdate": 1751108886044,
      "exitReason": "Trailing stop triggered"
    },
    {
      "tokenAddress": "5LafQUrVco6o7KMz42eqVEJ9LW31StPyGjeeu5sKoMtA",
      "tokenSymbol": "MUMU",
      "buyPrice": 0.0030105784305341898,
      "buyAmount": 0.1,
      "tokensReceived": 4381518.651648,
      "timestamp": 1751108625584,
      "stopLoss": 0.002558991665954061,
      "takeProfit": 0.003913751959694447,
      "status": "sold",
      "peakPrice": 0.0033054864840866066,
      "trailingStopPrice": 0.002974937835677946,
      "entryTime": 1751108625584,
      "lastPriceUpdate": 1751178727492,
      "exitReason": "Trailing stop triggered"
    },
    {
      "tokenAddress": "3B5wuUrMEi5yATD7on46hKfej3pfmd7t1RKgrsN3pump",
      "tokenSymbol": "BILLY",
      "buyPrice": 0.002466803989015871,
      "buyAmount": 0.1,
      "tokensReceived": 2984.774841,
      "timestamp": 1751108746043,
      "stopLoss": 0.0020967833906634903,
      "takeProfit": 0.0032068451857206323,
      "status": "sold",
      "peakPrice": 0.002712263328766281,
      "trailingStopPrice": 0.002441036995889653,
      "entryTime": 1751108746043,
      "lastPriceUpdate": 1751178727495,
      "exitReason": "Trailing stop triggered"
    },
    {
      "tokenAddress": "EKpQGSJtjMFqKZ9KQanSqYXRcF8fBopzLHYxdM65zcjm",
      "tokenSymbol": "$WIF",
      "buyPrice": 0.008106080722126995,
      "buyAmount": 0.1,
      "tokensReceived": 18.265679,
      "timestamp": 1751108895668,
      "stopLoss": 0.006890168613807946,
      "takeProfit": 0.010537904938765094,
      "status": "sold",
      "peakPrice": 0.008615107472213212,
      "trailingStopPrice": 0.007753596724991891,
      "entryTime": 1751108895669,
      "lastPriceUpdate": 1751179087319,
      "exitReason": "Trailing stop triggered"
    },
    {
      "tokenAddress": "J1toso1uCk3RLmjorhTtrVwY9HJ7X8V9yYac6Y7kGCPn",
      "tokenSymbol": "JitoSOL",
      "buyPrice": 0.00784000899673004,
      "buyAmount": 0.1,
      "tokensReceived": 82.473726,
      "timestamp": 1751178730205,
      "stopLoss": 0.006664007647220534,
      "takeProfit": 0.010192011695749051,
      "status": "sold",
      "peakPrice": 0.008152296970870008,
      "trailingStopPrice": 0.007337067273783007,
      "entryTime": 1751178730205,
      "lastPriceUpdate": 1751179090160,
      "exitReason": "Trailing stop triggered"
    },
    {
      "tokenAddress": "Es9vMFrzaCERmJfrF4H2FYD4KCoNkY11McCe8BenwNYB",
      "tokenSymbol": "USDT",
      "buyPrice": 0.0036051305690323154,
      "buyAmount": 0.1,
      "tokensReceived": 15.00461,
      "timestamp": 1751178856198,
      "stopLoss": 0.003064360983677468,
      "takeProfit": 0.00468666973974201,
      "status": "sold",
      "peakPrice": 0.0038003751765269653,
      "trailingStopPrice": 0.003420337658874269,
      "entryTime": 1751178856198,
      "lastPriceUpdate": 1751179087321,
      "exitReason": "Trailing stop triggered"
    },
    {
      "tokenAddress": "Es9vMFrzaCERmJfrF4H2FYD4KCoNkY11McCe8BenwNYB",
      "tokenSymbol": "USDT",
      "buyPrice": 0.003405924357150225,
      "buyAmount": 0.1,
      "tokensReceived": 14.990619,
      "timestamp": 1751179096414,
      "stopLoss": 0.002895035703577691,
      "takeProfit": 0.004427701664295292,
      "status": "sold",
      "peakPrice": 0.0037060064320027716,
      "trailingStopPrice": 0.0033354057888024947,
      "entryTime": 1751179096414,
      "lastPriceUpdate": 1751179689864,
      "exitReason": "Trailing stop triggered"
    },
    {
      "tokenAddress": "EPjFWdd5AufqSSqeM2qN1xzybapC8G4wEGGkZwyTDt1v",
      "tokenSymbol": "USDC",
      "buyPrice": 0.0029845977429722504,
      "buyAmount": 0.1,
      "tokensReceived": 14.995852,
      "timestamp": 1751179216684,
      "stopLoss": 0.002536908081526413,
      "takeProfit": 0.0038799770658639256,
      "status": "sold",
      "peakPrice": 0.0032409888495129597,
      "trailingStopPrice": 0.002916889964561664,
      "entryTime": 1751179216684,
      "lastPriceUpdate": 1751179566989,
      "exitReason": "Trailing stop triggered"
    },
    {
      "tokenAddress": "mSoLzYCxHdYgdzU16g5QSh3i5K3z3KZK7ytfqcJm7So",
      "tokenSymbol": "mSOL",
      "buyPrice": 0.003877244518799392,
      "buyAmount": 0.1,
      "tokensReceived": 76.717877,
      "timestamp": 1751179340459,
      "stopLoss": 0.003295657840979483,
      "takeProfit": 0.00504041787443921,
      "status": "sold",
      "peakPrice": 0.004082454168750086,
      "trailingStopPrice": 0.0036742087518750774,
      "entryTime": 1751179340459,
      "lastPriceUpdate": 1751179807288,
      "exitReason": "Trailing stop triggered"
    },
    {
      "tokenAddress": "EPjFWdd5AufqSSqeM2qN1xzybapC8G4wEGGkZwyTDt1v",
      "tokenSymbol": "USDC",
      "buyPrice": 0.007183276965616455,
      "buyAmount": 0.1,
      "tokensReceived": 14.98972,
      "timestamp": 1751179569740,
      "stopLoss": 0.006105785420773986,
      "takeProfit": 0.009338260055301391,
      "status": "sold",
      "peakPrice": 0.007882301463246243,
      "trailingStopPrice": 0.007094071316921619,
      "entryTime": 1751179569740,
      "lastPriceUpdate": 1751180167633,
      "exitReason": "Trailing stop triggered"
    },
    {
      "tokenAddress": "2b1kV6DkPAnxd5ixfnxCpjxmKwqjjaYmCZfHsFu24GXo",
      "tokenSymbol": "PYUSD",
      "buyPrice": 0.002259894499275532,
      "buyAmount": 0.1,
      "tokensReceived": 14.974967,
      "timestamp": 1751179695944,
      "stopLoss": 0.0019209103243842023,
      "takeProfit": 0.0029378628490581917,
      "status": "sold",
      "peakPrice": 0.0024293608469176014,
      "trailingStopPrice": 0.0021864247622258412,
      "entryTime": 1751179695944,
      "lastPriceUpdate": 1751179927413,
      "exitReason": "Trailing stop triggered"
    },
    {
      "tokenAddress": "mSoLzYCxHdYgdzU16g5QSh3i5K3z3KZK7ytfqcJm7So",
      "tokenSymbol": "mSOL",
      "buyPrice": 0.0018964629011167667,
      "buyAmount": 0.1,
      "tokensReceived": 76.715947,
      "timestamp": 1751179816329,
      "stopLoss": 0.0016119934659492518,
      "takeProfit": 0.002465401771451797,
      "status": "sold",
      "peakPrice": 0.0020396535003574553,
      "trailingStopPrice": 0.0018356881503217098,
      "entryTime": 1751179816329,
      "lastPriceUpdate": 1751180167635,
      "exitReason": "Trailing stop triggered"
    },
    {
      "tokenAddress": "J1toso1uCk3RLmjorhTtrVwY9HJ7X8V9yYac6Y7kGCPn",
      "tokenSymbol": "JitoSOL",
      "buyPrice": 0.004562826082994316,
      "buyAmount": 0.1,
      "tokensReceived": 82.465888,
      "timestamp": 1751179940322,
      "stopLoss": 0.0038784021705451687,
      "takeProfit": 0.005931673907892611,
      "status": "sold",
      "peakPrice": 0.0048108575032719935,
      "trailingStopPrice": 0.004329771752944795,
      "entryTime": 1751179940322,
      "lastPriceUpdate": 1751180050213,
      "exitReason": "Trailing stop triggered"
    },
    {
      "tokenAddress": "2b1kV6DkPAnxd5ixfnxCpjxmKwqjjaYmCZfHsFu24GXo",
      "tokenSymbol": "PYUSD",
      "buyPrice": 0.0038344949894898186,
      "buyAmount": 0.1,
      "tokensReceived": 14.98175,
      "timestamp": 1751180069856,
      "stopLoss": 0.003259320741066346,
      "takeProfit": 0.004984843486336764,
      "status": "active",
      "peakPrice": 0.004141310697113387,
      "trailingStopPrice": 0.003727179627402048,
      "entryTime": 1751180069856,
      "lastPriceUpdate": 1751180289754
    },
    {
      "tokenAddress": "EKpQGSJtjMFqKZ9KQanSqYXRcF8fBopzLHYxdM65zcjm",
      "tokenSymbol": "$WIF",
      "buyPrice": 0.004193351400665688,
      "buyAmount": 0.1,
      "tokensReceived": 18.385364,
      "timestamp": 1751180190306,
      "stopLoss": 0.0035643486905658347,
      "takeProfit": 0.005451356820865394,
      "status": "active",
      "peakPrice": 0.0044253059080815015,
      "trailingStopPrice": 0.003982775317273352,
      "entryTime": 1751180190306,
      "lastPriceUpdate": 1751180289754
    },
    {
      "tokenAddress": "EPjFWdd5AufqSSqeM2qN1xzybapC8G4wEGGkZwyTDt1v",
      "tokenSymbol": "USDC",
      "buyPrice": 0.001804745296766823,
      "buyAmount": 0.1,
      "tokensReceived": 14.983667,
      "timestamp": 1751180317408,
      "stopLoss": 0.0015340335022517996,
      "takeProfit": 0.00234616888579687,
      "status": "active",
      "peakPrice": 0.001804745296766823,
      "trailingStopPrice": 0.0015340335022517996,
      "entryTime": 1751180317408,
      "lastPriceUpdate": 1751180317408
    }
  ],
  "totalInvested": 1.9000000000000006,
  "totalRealized": 0,
  "winRate": 0,
  "blacklist": [],
  "lastTradeTime": 1751180317408,
  "tradingPaused": false,
  "portfolioValue": 0,
  "recentTrades": [],
  "marketVolatility": 50,
  "performanceMetrics": {
    "totalTrades": 0,
    "winStreak": 0,
    "lossStreak": 0,
    "averagePnL": 0,
    "bestTrade": 0,
    "worstTrade": 0
  }
}