{
  "name": "london-breakout-trading-bot",
  "version": "1.0.0",
  "description": "Automated London session forex trading bot with Telegram alerts",
  "main": "main.js",
  "type": "module",
  "scripts": {
    "start": "node main.js",
    "test": "node main.js --test",
    "live": "node main.js --live",
    "dev": "node main.js --test"
  },
  "keywords": [
    "forex",
    "trading",
    "bot",
    "london-breakout",
    "telegram",
    "automation"
  ],
  "author": "Trading Bot",
  "license": "MIT",
  "dependencies": {
    "express": "^4.18.2",
    "dotenv": "^16.3.1",
    "date-fns": "^2.30.0"
  },
  "engines": {
    "node": ">=18.0.0"
  }
}